{"stats":{"minecraft:picked_up":{"minecraft:crafting_table":3,"minecraft:sweet_berries":2,"minecraft:torch":1,"minecraft:porkchop":10,"minecraft:oak_log":10,"minecraft:white_bed":2,"minecraft:wheat_seeds":1,"minecraft:granite":8,"minecraft:iron_ore":6,"minecraft:gray_wool":1,"minecraft:mutton":9,"minecraft:coal":41,"minecraft:white_wool":6,"minecraft:cobblestone":47,"minecraft:furnace":1},"minecraft:mined":{"minecraft:large_fern":5,"minecraft:white_bed":2,"minecraft:furnace":1,"minecraft:iron_ore":6,"minecraft:sweet_berry_bush":1,"minecraft:crafting_table":3,"minecraft:granite":8,"minecraft:grass":8,"minecraft:oak_log":10,"minecraft:coal_ore":41,"minecraft:tall_grass":5,"minecraft:stone":47,"minecraft:wall_torch":1,"minecraft:oak_leaves":2,"minecraft:fern":3},"minecraft:custom":{"minecraft:time_since_rest":7151,"minecraft:interact_with_furnace":6,"minecraft:sprint_one_cm":58841,"minecraft:damage_taken":567,"minecraft:walk_one_cm":44751,"minecraft:mob_kills":13,"minecraft:drop":3,"minecraft:damage_dealt":1230,"minecraft:interact_with_crafting_table":5,"minecraft:fly_one_cm":184993,"minecraft:open_chest":1,"minecraft:crouch_one_cm":306,"minecraft:play_one_minute":22544,"minecraft:sneak_time":152,"minecraft:jump":781,"minecraft:leave_game":1,"minecraft:walk_on_water_one_cm":708,"minecraft:time_since_death":22544,"minecraft:sleep_in_bed":1,"minecraft:fall_one_cm":17413},"minecraft:crafted":{"minecraft:oak_planks":40,"minecraft:cooked_porkchop":10,"minecraft:crafting_table":1,"minecraft:stick":12,"minecraft:wooden_pickaxe":1,"minecraft:stone_pickaxe":1,"minecraft:wooden_axe":1,"minecraft:furnace":1,"minecraft:white_bed":1,"minecraft:torch":16,"minecraft:stone_axe":1,"minecraft:air":0},"minecraft:used":{"minecraft:wooden_axe":25,"minecraft:stone_pickaxe":87,"minecraft:wooden_pickaxe":17,"minecraft:stone_axe":18,"minecraft:torch":7,"minecraft:crafting_table":3,"minecraft:furnace":1,"minecraft:cooked_porkchop":6,"minecraft:white_bed":2,"minecraft:gray_wool":1},"minecraft:dropped":{"minecraft:sweet_berries":2,"minecraft:wheat_seeds":1},"minecraft:killed":{"minecraft:sheep":7,"minecraft:skeleton":1,"minecraft:pig":5}},"DataVersion":2586}