{"stats":{"minecraft:killed":{"minecraft:zombie":5,"minecraft:pig":2,"minecraft:chicken":1,"minecraft:creeper":1,"minecraft:cow":4},"minecraft:crafted":{"minecraft:cooked_beef":5,"minecraft:oak_planks":48,"minecraft:cooked_porkchop":3,"minecraft:crafting_table":4,"minecraft:stick":8,"minecraft:wooden_pickaxe":1,"minecraft:stone_pickaxe":1,"minecraft:wooden_axe":1,"minecraft:furnace":1,"minecraft:torch":8,"minecraft:birch_planks":28,"minecraft:stone_axe":1,"minecraft:air":0},"minecraft:mined":{"minecraft:birch_log":7,"minecraft:crafting_table":1,"minecraft:grass":6,"minecraft:oak_log":12,"minecraft:coal_ore":19,"minecraft:tall_grass":2,"minecraft:stone":23,"minecraft:oak_leaves":10},"minecraft:custom":{"minecraft:time_since_rest":25994,"minecraft:interact_with_furnace":8,"minecraft:sprint_one_cm":45252,"minecraft:damage_taken":145,"minecraft:walk_one_cm":32823,"minecraft:mob_kills":13,"minecraft:drop":5,"minecraft:damage_dealt":1683,"minecraft:interact_with_crafting_table":6,"minecraft:fly_one_cm":148327,"minecraft:play_one_minute":25994,"minecraft:crouch_one_cm":464,"minecraft:sneak_time":160,"minecraft:jump":576,"minecraft:leave_game":3,"minecraft:time_since_death":25994,"minecraft:fall_one_cm":10819},"minecraft:used":{"minecraft:netherite_sword":34,"minecraft:wooden_axe":19,"minecraft:stone_pickaxe":21,"minecraft:wooden_pickaxe":21,"minecraft:torch":3,"minecraft:cobblestone":1,"minecraft:beef":1,"minecraft:crafting_table":2,"minecraft:furnace":1,"minecraft:cooked_beef":2},"minecraft:dropped":{"minecraft:netherite_sword":1,"minecraft:oak_sapling":1,"minecraft:rotten_flesh":2,"minecraft:leather":1},"minecraft:picked_up":{"minecraft:birch_log":7,"minecraft:stick":2,"minecraft:crafting_table":1,"minecraft:feather":2,"minecraft:chicken":1,"minecraft:leather":3,"minecraft:wooden_pickaxe":1,"minecraft:porkchop":3,"minecraft:oak_log":12,"minecraft:gunpowder":1,"minecraft:rotten_flesh":8,"minecraft:wheat_seeds":1,"minecraft:netherite_sword":1,"minecraft:beef":7,"minecraft:oak_sapling":1,"minecraft:coal":19,"minecraft:cobblestone":23}},"DataVersion":2586}